Tarot wskaże Ci drogę  ,,"Książki / ezoteryka / wróżby, senniki; ",okładka miękka,KOS,318,2020-03-18,34.50
Magia numerologii ,Burchard Edition,Książki / ezoteryka; ,okładka miękka,KOS,286,2020-03-18,28.00
Księga Objawienia ,Joseph Murphy,Książki / ezoteryka / parapsychologia; ,okładka miękka,KOS,144,2020-03-18,28.00
Kamienie lecznicze w litoterapii ,"Werner Kuhni
                        , 
                                                                                        Walter von Holst",Książki / ezoteryka / parapsychologia; ,okładka miękka,Studio Astropsychologii,340,2020-03-27,41.65
Runy – najskuteczniejsze rytuały i zaklęcia magii skandynawskiej ,Freya Aswynn,Książki / ezoteryka / parapsychologia; ,okładka miękka,Studio Astropsychologii,326,2020-03-27,34.93
Magija współczesna. Dwanaście lekcji wysokiej sztuki magicznej ,Donald Michael Kraig,Książki / ezoteryka; ,okładka twarda,Wydawnictwo Kobiece,632,2020-04-30,83.00
Narzędzie magii. Historia luster i zwierciadeł ,Sabine Melchior-Bonnet,Książki / ezoteryka / parapsychologia; ,okładka miękka,Bellona,252,2007-01-01,20.50
Mężczyźni w kręgu 12 znaków Zodiaku w seksie i miłości ,Hanna Hartmańska,Książki / ezoteryka / astrologia; ,okładka miękka,Bellona,168,2014-01-29,16.50
ABC wahadła. Radiestezja w praktyce ,Leszek Matela,Książki / ezoteryka / parapsychologia; ,okładka miękka,Studio Astropsychologii,170,2020-02-21,32.50
"100 rytuałów szeptuch. Wzmacniające praktyki duchowe na spełnienie, ochronę i zdrowie ",Vadim Tschenze,Książki / ezoteryka / parapsychologia; ,okładka miękka,Studio Astropsychologii,278,2020-02-21,36.50
Inne światy. Przygotowanie do Kontaktu ,Igor Witkowski,Książki / ezoteryka / parapsychologia; ,okładka miękka,WIS-2,140,2020-02-25,23.35
Kolory i liczby ,Louise L. Hay,Książki / ezoteryka; ,okładka twarda,Medium,96,2013-02-20,24.00
Terapia duszy ,Joy Manne,Książki / ezoteryka / parapsychologia; Książki / poradniki / rozwój osobisty; ,okładka miękka,New Dawn,242,2012-09-19,44.50
Proś a będzie Ci dane ,"Esther Hicks
                        , 
                                                                                        Jerry Hicks",Książki / ezoteryka; ,okładka miękka,Studio Astropsychologii,272,2018-01-29,36.50
Piąty Wymiar ,Maureen J. St. Germain,Książki / ezoteryka / parapsychologia; ,okładka miękka,Studio Astropsychologii,296,2020-01-24,36.50
Ceremonie psychodeliczne ,Julian Vayne,Książki / ezoteryka; ,,Okultura,164,2020-01-21,28.00
Wiedza magów i jej zastosowanie teoretyczne i praktyczne ,,Książki / ezoteryka; ,okładka twarda,Graf_ika Usługi Wydawnicze Iwona Knechta,124,2020-01-03,52.00
Uzdrawianie dźwiękiem ,Shirlie Roden,Książki / ezoteryka; ,okładka miękka,Illuminatio,228,2012-09-19,27.00
DMT. Molekuła duszy ,Rick Strassman,Książki / ezoteryka / parapsychologia; ,okładka miękka,Illuminatio,344,2013-12-11,37.00
"Przebaczanie z aniołami. Jak korzystać z mocy aniołów, by się uwolnić, uzdrowić i doświadczyć cudów ",Kyle Gray,Książki / ezoteryka; ,okładka miękka,Illuminatio,296,2016-09-23,29.00
"Imbolc. Rytuały, przepisy i zaklęcia na święto światła ",Carl F. Neal,Książki / poradniki / psychologia; Książki / poradniki / różne; Książki / ezoteryka; ,okładka miękka,Illuminatio,240,2016-01-18,20.50
"Yule. Rytuały, przepisy i zaklęcia na przesilenie zimowe ",Susan Pesznecker,Książki / poradniki / różne; Książki / ezoteryka; ,okładka miękka,Illuminatio,224,2015-12-15,20.50
"Lammas. Rytuały, przepisy i zaklęcia na święto żniw ",Melanie Marquis,Książki / ezoteryka; ,okładka miękka,Illuminatio,192,2015-07-03,20.50
"Litha. Rytuały, przepisy i zaklęcia na przesilenie letnie ",Deborah Blake,Książki / ezoteryka / parapsychologia; ,okładka miękka,Illuminatio,220,2015-05-29,20.50
"Beltane. Rytuały, przepisy i zaklęcia na święto kwiatów ",Melanie Marquis,Książki / poradniki / różne; Książki / ezoteryka; ,okładka miękka,Illuminatio,222,2015-04-07,20.50
"Ostara. Rytuały, przepisy i zaklęcia na przesilenie wiosenne ",Kerri Connor,Książki / poradniki / psychologia; Książki / poradniki / różne; Książki / ezoteryka; ,okładka miękka,Illuminatio,216,2015-03-02,20.50
Potęga energii wewnętrznej  ,Stuart Wilde,Książki / ezoteryka; ,okładka miękka,Medium,144,2019-11-25,21.50
Minuta po śmierci ,Erwin W. Lutzer,Książki / ezoteryka / parapsychologia; ,,Dobry Skarbiec,176,2019-12-03,33.00
Boska magia. Siedem Świętych Sekretów Manifestacji ,Doreen Virtue,Książki / ezoteryka; ,okładka miękka,P&G Editors,112,2010-07-15,21.00
Dziecięce dusze. Jak komunikować się z duszą swojego przyszłego dziecka ,Christine Nightingale,Książki / ezoteryka; ,okładka miękka,Wydawnictwo Kobiece,184,2020-01-22,32.50
Przekraczanie poziomów świadomości ,David R. Hawkins,Książki / ezoteryka; ,okładka miękka,Virgo,358,2012-09-24,48.50
Podróże do życia po śmierci ,Bruce Moen,Książki / ezoteryka / parapsychologia; ,okładka miękka,Galaktyka,334,2019-10-22,33.00
Pomiędzy światami. Lekcje z Drugiej Strony ,Tyler Henry,Książki / ezoteryka / parapsychologia; ,okładka miękka,Studio Astropsychologii,206,2019-10-04,32.50
Dwanaście Warstw DNA ,Kryon,Książki / ezoteryka; ,okładka miękka,JEG,378,2019-10-10,45.50
Rozmowy z drzewami. Część 2. Mądrość drzew ,Weronika Dąbrowska,Książki / ezoteryka; ,okładka miękka,New Space,170,2019-08-21,39.50
Siła snów. Jak śnić świadomie i zmienić swoje życie ,Alice Robb,"Książki / ezoteryka / wróżby, senniki; ",okładka twarda,Agora SA,320,2019-11-13,25.76
Los barwą malowany ,Andrzej Bednarz,Książki / ezoteryka / parapsychologia; ,okładka miękka,Ezoteric,252,2005-01-01,26.50
Oczyszczanie Czakr ,Doreen Virtue,Książki / ezoteryka / parapsychologia; ,okładka miękka,P&G Editors,108,2010-11-10,21.00
Kryształowa terapia. Jak uzdrowić i Wzbogacić swoje życie dzięki energii kryształów ,"Doreen Virtue
                        , 
                                                                                        Judith  Lukomski",Książki / ezoteryka; ,okładka miękka,P&G Editors,226,2010-04-22,34.50
Słowa mądrości ,Paweł Sołtysik,Książki / ezoteryka / parapsychologia; ,okładka miękka,Ezoteric,292,2010-01-13,24.00
System Jogi Kaukaskiej ,Stefan Hr. Colonna-Walewski,Książki / ezoteryka / parapsychologia; ,okładka miękka,Ezoteric,144,2008-01-01,23.50
"Człowiek, los, wieczność czyli filozofia wielkiej jedności ",Dżnianakriszna (Michaił Kojfman),Książki / ezoteryka / parapsychologia; ,okładka twarda,"tCHu, doM wYdawniczy",318,2009-10-13,27.50
Chwała i uwielbienie. Ich cel i moc ,Myles Munroe,Książki / ezoteryka / parapsychologia; ,okładka miękka,Dobry Skarbiec,286,2010-04-09,23.00
Samoprzemiana. Poradnik Medytacji. Tom Drugi ,Floyd Henderson,Książki / ezoteryka; ,okładka miękka,Henderson Books,124,2011-08-05,20.50
Vip Dostrojenie czyli co zbawi ludzkość nie tylko od ptasiej grypy ,Władysław Stanisław Rybicki,Książki / ezoteryka / parapsychologia; ,okładka twarda,CBM Vip Dostrojenie,260,2011-05-24,34.00
Ścieżka Posłańca Światła ,dr Doreen Virtue,Książki / ezoteryka / astrologia; ,okładka miękka,P&G Editors,322,2011-02-10,38.00
Jak Usłyszeć Swoje Anioły ,Doreen Virtue,Książki / ezoteryka; ,okładka miękka,P&G Editors,178,2011-09-26,28.50
Jestem Twoim Stróżem. Jak Archanioł Michał może cię chronić ,Elizabeth Clare Prophet,Książki / ezoteryka; ,okładka miękka,P&G Editors,150,2010-12-16,17.50
Proces Polarity. Wracając do źródeł zdrowia ,Franklyn Sills,Książki / ezoteryka / parapsychologia; ,okładka miękka,Virgo,194,2011-05-25,40.50
Theta Healing dla zaawansowanych. Wykorzystanie mocy Wszystkiego Co Jest ,Vianna Stibal,"Książki / poradniki / zdrowie, moda i uroda; Książki / ezoteryka; ",okładka miękka,P&G Editors,288,2012-05-28,39.50
Dalekie podróże z zamkniętymi oczami ,Anna Jędrzejczyk,Książki / ezoteryka; ,okładka miękka,Psychoskok,82,2013-05-27,19.00
Medycyna wibracyjna ,Nelly Radwanowska-Amejgag,"Książki / poradniki / zdrowie, moda i uroda; Książki / ezoteryka; ",okładka miękka,CoJaNaTo,254,2011-07-19,38.50
Królestwo serca czyli jak rozmawiać z Bogiem ,Grzegorz Kaźmierczak,Książki / ezoteryka; ,okładka miękka,Psychoskok,230,2013-06-28,20.50
Nadzieja. Święty aktywizm ,Andrew Harvey,Książki / ezoteryka; ,okładka miękka,CoJaNaTo,284,2013-07-19,30.50
Eufouczucie! ,Frank J. Kinslow,Książki / ezoteryka / parapsychologia; Książki / poradniki / psychologia; ,okładka miękka,P&G Editors,206,2014-04-17,33.00
Theta Healing. Choroby i zaburzenia ,Vianna Stibal,"Książki / poradniki / zdrowie, moda i uroda; Książki / ezoteryka; ",okładka miękka,P&G Editors,452,2013-08-23,57.50
Feng shui dla biznesu. Klasyczne zasady w nowoczesnym otoczeniu ,Marta Kaniewska,Książki / ezoteryka; ,,Szan He,128,2016-04-29,32.00
Podręcznik astrologii horarnej ,John Frawley,Książki / ezoteryka; ,,Wydawnictwo Futurarium,278,2012-10-06,41.00
Piramida czarownic ,Robert Hardy,Książki / ezoteryka; ,,Bibliotheca Alexandrina,104,2019-09-03,26.00
Przyszłość czarostwa ,Doreen Valiente,Książki / ezoteryka; ,,Bibliotheca Alexandrina,184,2018-04-26,28.00
Taniec spirali. Odrodzenie starożytnej religii Wielkiej Boginii ,Starhawk,Książki / ezoteryka; ,,Bibliotheca Alexandrina,287,2016-10-12,31.50
Joga słońca i księżyca ,Katharina Middendorf,Książki / ezoteryka; ,,Panta Rhei,108,2015-11-24,29.00
Odzyskiwanie duszy ,,Książki / ezoteryka; ,,New Space,288,2019-05-07,39.50
Ziemia Woda Ogień Wiatr ,,Książki / ezoteryka; ,,New Space,307,2018-12-20,39.50
Prawdziwa praca matki podczas ciąży ,Omraam Mikhael Aivanhov,Książki / ezoteryka; ,,Prosveta,29,2016-12-15,12.50
"Nowa ziemia. Metody, ćwiczenia, formuły, modlitwy ",Omraam Aivanhov,Książki / ezoteryka; ,okładka twarda,Prosveta,246,2016-12-15,29.00
Chodźcie dopóki macie światłość ,Omraam Mikhael Aivanhov,Książki / ezoteryka; ,,Prosveta,188,2016-12-15,20.50
Kamień filozoficzny ,Omraam Mikhael Aivanhov,Książki / ezoteryka; ,,Prosveta,197,2016-12-15,20.50
Niebiańskie Miasto komentarz do Apokalipsy ,Omraam Mikhael Aivanhov,Książki / ezoteryka; ,,Prosveta,195,2016-12-15,20.50
Twórczość artystyczna i twórczość duchowa ,Omraam Mikhael Aivanhov,Książki / ezoteryka; ,,Prosveta,177,2016-12-15,20.50
Wolność zwycięstwo ducha ,Omraam Mikhael Aivanhov,Książki / ezoteryka; ,,Prosveta,146,2016-12-15,20.50
Siła seksualna lub uskrzydlony smok ,Omraam Mihael Aivanhov,Książki / ezoteryka; ,,Prosveta,153,2016-12-15,20.50
Przyszłość ludzkości galwanoplastyka duchowa miłość-poczęcie-ciąża ,Omraam Mikhael Aivanhov,Książki / ezoteryka; ,,Prosveta,198,2016-12-15,20.50
Wychowywanie zaczyna sie przed urodzeniem ,Omraam Mikhael Aivanhov,Książki / ezoteryka; ,,Prosveta,159,2016-12-15,20.50
Droga zapominania Mikrokosmos w makrokosmosie ,Gabriele,Książki / ezoteryka; ,,Stow.dla Popier,104,2019-03-25,12.50
Przyszłość dla młodzieży ,Omraam Mikhael Aivanhov,Książki / ezoteryka; ,,Prosveta,185,2016-12-15,20.50
Pierwotnie wrodzona czystość ,Dilgo K. Rinpocze,Książki / ezoteryka; ,,Rogaty Budda,108,2019-03-30,75.50
Tantra Przekaz szeptem  ,Prem Gitama,Książki / ezoteryka; ,,Świadome życie,312,2014-12-12,41.00
Tajemnicza moc podświadomości Moje odkrycia ,Anna Mikołajczyk,Książki / ezoteryka; ,,Aquarius,224,2015-05-05,29.50
Odkryj go. Zdarzenia ponadnaturalne ,Barbara Klaczyńska,Książki / ezoteryka; ,,Dobry Skarbiec,142,2015-11-25,15.00
Ścieżki jogi ,Ramacharaka Yogi,Książki / ezoteryka; ,,Tedson,250,2015-09-15,29.00
Skąd przyszedłem? Dokąd idę? ,praca zbiorowa,Książki / ezoteryka; ,,Stowarzyszenie dla Popierania Życia Uniwersalnego,99,2016-10-25,12.50
Ewolucja zaczyna się teraz ,Czogjal Namkhai Norbu,Książki / ezoteryka; ,,Okultura,112,2019-05-22,24.00
Wolność od przywiązań ,Czogjal Namkhai Norbu,Książki / ezoteryka; ,,Okultura,124,2019-05-22,24.00
"Dokładnie tam, gdzie teraz siedzisz ",Robert A Wilson,Książki / ezoteryka; ,,Okultura,212,2018-11-30,30.50
Agenci ewolucji ,Timothy Leary,Książki / ezoteryka; ,,Okultura,196,2017-10-31,28.00
Centrum cyklonu. Badanie przestrzeni wewnętrznej ,John Cunningham Lilly,Książki / ezoteryka; ,,Okultura,281,2016-12-20,44.50
Huna: sekretna nauka ,Wojciech Filaber,Książki / ezoteryka; ,,Psychoskok,100,2018-11-22,20.50
Giganci i Aniołu upadłe Zakazane fakty wyd.2 ,Artur Sroka,Książki / ezoteryka; ,,Psychoskok,256,2019-02-05,29.00
Zaświaty za kulisami ,Piotr Arkadiusz Kociszewski,Książki / ezoteryka; ,,Psychoskok,210,2018-01-19,26.50
"Achieve Inne Peace with Meditation: Techniques, Benefits and Inspirational Teachers ",Wojciech Filaber,Książki / ezoteryka; ,,Psychoskok,78,2015-10-31,20.50
Nie ma granic. W innych wymiarach ,Joanna Piłatowicz,Książki / ezoteryka; ,,Psychoskok,200,2015-05-27,23.00
Ptaki. Prawdziwi mistrzowie Ziemi ,Grzegorz Kaźmierczak,Książki / ezoteryka; ,,Psychoskok,214,2015-01-31,25.00
Znajdź Swoją Bratnią Duszę z Theta Healingiem ,Vianna Stibal,Książki / ezoteryka; ,,P&G Editors,230,2017-10-27,33.00
Metoda opukiwania. Schudnij i zaufaj ciału ,Jessica Ortner,Książki / ezoteryka; ,,P&G Editors,296,2016-10-29,37.00
Możesz uzdrowić siebie ,Seka Nikolic,Książki / ezoteryka; ,,P&G Editors,304,2014-09-24,30.00
Przejście do Złotej Ery w 2032 ,Diana Cooper,Książki / ezoteryka; ,,P&G Editors,143,2013-12-20,24.50
Mapa odnajdowanie magii i znaczenia w historii Twojego życia  ,Colette Baron-Reid,Książki / ezoteryka; ,,P&G Editors,236,2012-10-06,24.50
Głos Ciszy ,H.P. Blavatsky,Książki / ezoteryka; ,,Rozekruis Pers,102,2015-01-06,29.00
2017 Rok Ognistego Koguta ,Jacek Kryg,Książki / ezoteryka; ,,Halszka,126,2017-01-26,12.50
